DATE      , MaxT, MinT, MxRH, MnRH, RnDr,
01/01/2015,   10 ,   -4 ,   79 ,   51 ,    0 ,
01/02/2015,   15 ,    1 ,   81 ,   57 ,    0 ,
01/03/2015,   29 ,   14 ,   91 ,   72 ,    2 ,
01/04/2015,   30 ,   20 ,   91 ,   67 ,    3 ,
01/05/2015,   35 ,   21 ,   95 ,   83 ,    2 ,
01/06/2015,   39 ,   33 ,   98 ,   91 ,   23 ,
01/07/2015,   40 ,   28 ,   97 ,   69 ,    4 ,
01/08/2015,   32 ,   16 ,   94 ,   71 ,    0 ,
01/09/2015,   32 ,   17 ,   72 ,   55 ,    0 ,
01/10/2015,   28 ,   16 ,   86 ,   63 ,    0 ,
01/11/2015,   33 ,   25 ,   94 ,   62 ,    2 ,
01/12/2015,   35 ,   28 ,   94 ,   77 ,    2 ,
01/13/2015,   37 ,   28 ,   94 ,   72 ,    0 ,
01/14/2015,   37 ,   20 ,   91 ,   64 ,    0 ,
01/15/2015,   32 ,   11 ,   92 ,   70 ,    0 ,
01/16/2015,   30 ,   18 ,   92 ,   77 ,    0 ,
01/17/2015,   41 ,   23 ,   89 ,   51 ,    0 ,
01/18/2015,   49 ,   29 ,   97 ,   46 ,    6 ,
01/19/2015,   46 ,   32 ,   91 ,   48 ,    1 ,
01/20/2015,   42 ,   27 ,   96 ,   68 ,    4 ,
01/21/2015,   37 ,   16 ,   92 ,   59 ,    0 ,
01/22/2015,   31 ,   16 ,   90 ,   63 ,    0 ,
01/23/2015,   39 ,   28 ,   90 ,   66 ,    0 ,
01/24/2015,   45 ,   32 ,   94 ,   63 ,    1 ,
01/25/2015,   47 ,   33 ,   98 ,   75 ,    1 ,
01/26/2015,   49 ,   29 ,   94 ,   57 ,    0 ,
01/27/2015,   47 ,   27 ,   96 ,   55 ,    0 ,
01/28/2015,   45 ,   30 ,   94 ,   60 ,    0 ,
01/29/2015,   50 ,   22 ,   95 ,   53 ,    0 ,
01/30/2015,   37 ,   19 ,   94 ,   66 ,    0 ,
01/31/2015,   38 ,   23 ,   93 ,   61 ,    1 ,
02/01/2015,   38 ,   21 ,   93 ,   59 ,    0 ,
02/02/2015,   38 ,   23 ,   95 ,   83 ,    4 ,
02/03/2015,   44 ,   34 ,   95 ,   61 ,    0 ,
02/04/2015,   43 ,   28 ,   97 ,   63 ,    2 ,
02/05/2015,   37 ,   31 ,   97 ,   82 ,    1 ,
02/06/2015,   56 ,   35 ,   89 ,   46 ,    1 ,
02/07/2015,   56 ,   41 ,   96 ,   36 ,    4 ,
02/08/2015,   55 ,   35 ,   98 ,   64 ,   12 ,
02/09/2015,   54 ,   35 ,   97 ,   58 ,    3 ,
02/10/2015,   45 ,   37 ,   98 ,   88 ,    7 ,
02/11/2015,   47 ,   30 ,   97 ,   72 ,    1 ,
02/12/2015,   47 ,   32 ,   97 ,   73 ,    0 ,
02/13/2015,   53 ,   32 ,   92 ,   49 ,    0 ,
02/14/2015,   55 ,   31 ,   94 ,   46 ,    0 ,
02/15/2015,   55 ,   30 ,   91 ,   44 ,    0 ,
02/16/2015,   51 ,   27 ,   94 ,   31 ,    1 ,
02/17/2015,   45 ,   18 ,   89 ,   30 ,    0 ,
02/18/2015,   46 ,   21 ,   86 ,   31 ,    0 ,
02/19/2015,   49 ,   30 ,   80 ,   36 ,    0 ,
02/20/2015,   50 ,   31 ,   96 ,   40 ,    0 ,
02/21/2015,   42 ,   28 ,   97 ,   46 ,    4 ,
02/22/2015,   33 ,    6 ,   82 ,   46 ,    1 ,
02/23/2015,   28 ,    5 ,   83 ,   40 ,    0 ,
02/24/2015,   34 ,   15 ,   87 ,   44 ,    0 ,
02/25/2015,   45 ,   30 ,   72 ,   38 ,    0 ,
02/26/2015,   47 ,   24 ,   75 ,   39 ,    0 ,
02/27/2015,   40 ,   23 ,   69 ,   37 ,    0 ,
02/28/2015,   40 ,   19 ,   51 ,   32 ,    0 ,
03/01/2015,   35 ,   11 ,   80 ,   28 ,    0 ,
03/02/2015,   39 ,   17 ,   79 ,   26 ,    0 ,
03/03/2015,   36 ,   11 ,   86 ,   33 ,    0 ,
03/04/2015,   36 ,    9 ,   85 ,   34 ,    0 ,
03/05/2015,   45 ,   18 ,   78 ,   33 ,    0 ,
03/06/2015,   54 ,   26 ,   71 ,   20 ,    0 ,
03/07/2015,   60 ,   28 ,   76 ,   21 ,    0 ,
03/08/2015,   58 ,   27 ,   84 ,   25 ,    0 ,
03/09/2015,   59 ,   27 ,   86 ,   24 ,    0 ,
03/10/2015,   62 ,   27 ,   79 ,   21 ,    0 ,
03/11/2015,   66 ,   35 ,   72 ,   14 ,    0 ,
03/12/2015,   61 ,   40 ,   88 ,   40 ,    0 ,
03/13/2015,   61 ,   27 ,   95 ,   35 ,    0 ,
03/14/2015,   64 ,   36 ,   71 ,   28 ,    0 ,
03/15/2015,   61 ,   45 ,   98 ,   44 ,    9 ,
03/16/2015,   60 ,   39 ,   97 ,   42 ,    4 ,
03/17/2015,   56 ,   37 ,   94 ,   42 ,    2 ,
03/18/2015,   50 ,   38 ,   96 ,   51 ,    1 ,
03/19/2015,   57 ,   28 ,   94 ,   37 ,    0 ,
03/20/2015,   65 ,   30 ,   87 ,   25 ,    0 ,
03/21/2015,   68 ,   38 ,   76 ,   22 ,    0 ,
03/22/2015,   60 ,   28 ,   90 ,   37 ,    0 ,
03/23/2015,   62 ,   37 ,   93 ,   22 ,    3 ,
03/24/2015,   52 ,   29 ,   93 ,   40 ,    4 ,
03/25/2015,   49 ,   32 ,   96 ,   46 ,    3 ,
03/26/2015,   53 ,   39 ,   88 ,   38 ,    0 ,
03/27/2015,   65 ,   33 ,   97 ,   45 ,    0 ,
03/28/2015,   71 ,   40 ,   86 ,   31 ,    4 ,
03/29/2015,   53 ,   29 ,   92 ,   44 ,    0 ,
03/30/2015,   67 ,   34 ,   91 ,   32 ,    0 ,
03/31/2015,   72 ,   36 ,   85 ,   15 ,    0 ,
04/01/2015,   57 ,   34 ,   77 ,   41 ,    0 ,
04/02/2015,   43 ,   28 ,   86 ,   42 ,    2 ,
04/03/2015,   49 ,   24 ,   93 ,   32 ,    3 ,
04/04/2015,   53 ,   29 ,   76 ,   24 ,    0 ,
04/05/2015,   48 ,   26 ,   91 ,   39 ,    0 ,
04/06/2015,   51 ,   31 ,   95 ,   38 ,    5 ,
04/07/2015,   52 ,   23 ,   93 ,   32 ,    0 ,
04/08/2015,   60 ,   29 ,   78 ,   20 ,    0 ,
04/09/2015,   60 ,   29 ,   88 ,   25 ,    0 ,
04/10/2015,   62 ,   29 ,   96 ,   27 ,    2 ,
04/11/2015,   62 ,   39 ,   89 ,   24 ,    2 ,
04/12/2015,   52 ,   27 ,   96 ,   37 ,    2 ,
04/13/2015,   63 ,   25 ,   91 ,   31 ,    0 ,
04/14/2015,   71 ,   38 ,   67 ,   15 ,    0 ,
04/15/2015,   54 ,   35 ,   67 ,   36 ,    0 ,
04/16/2015,   57 ,   25 ,   86 ,   33 ,    0 ,
04/17/2015,   66 ,   30 ,   87 ,   25 ,    0 ,
04/18/2015,   71 ,   36 ,   85 ,   23 ,    0 ,
04/19/2015,   69 ,   33 ,   74 ,   19 ,    0 ,
04/20/2015,   67 ,   31 ,   85 ,   25 ,    0 ,
04/21/2015,   70 ,   34 ,   86 ,   23 ,    0 ,
04/22/2015,   74 ,   36 ,   88 ,   22 ,    0 ,
04/23/2015,   63 ,   28 ,   88 ,   30 ,    0 ,
04/24/2015,   64 ,   43 ,   77 ,   21 ,    2 ,
04/25/2015,   54 ,   29 ,   83 ,   32 ,    0 ,
04/26/2015,   56 ,   37 ,   95 ,   30 ,    8 ,
04/27/2015,   58 ,   32 ,   97 ,   40 ,    6 ,
04/28/2015,   70 ,   33 ,   94 ,   27 ,    0 ,
04/29/2015,   78 ,   41 ,   82 ,   19 ,    0 ,
04/30/2015,   65 ,   34 ,   75 ,   24 ,    0 ,
05/01/2015,   67 ,   33 ,   84 ,   22 ,    0 ,
05/02/2015,   74 ,   40 ,   73 ,   16 ,    0 ,
05/03/2015,   71 ,   31 ,   75 ,   11 ,    0 ,
05/04/2015,   73 ,   33 ,   75 ,   18 ,    0 ,
05/05/2015,   76 ,   45 ,   84 ,   18 ,    0 ,
05/06/2015,   65 ,   30 ,   80 ,   22 ,    0 ,
05/07/2015,   63 ,   42 ,   53 ,   18 ,    0 ,
05/08/2015,   65 ,   34 ,   82 ,   24 ,    0 ,
05/09/2015,   65 ,   34 ,   81 ,   25 ,    0 ,
05/10/2015,   68 ,   32 ,   72 ,   17 ,    0 ,
05/11/2015,   69 ,   36 ,   61 ,   16 ,    0 ,
05/12/2015,   68 ,   44 ,   67 ,   20 ,    0 ,
05/13/2015,   67 ,   44 ,   95 ,   31 ,    4 ,
05/14/2015,   66 ,   44 ,   89 ,   42 ,    0 ,
05/15/2015,   69 ,   44 ,   97 ,   34 ,    2 ,
05/16/2015,   67 ,   49 ,   97 ,   54 ,    2 ,
05/17/2015,   58 ,   43 ,   97 ,   45 ,    6 ,
05/18/2015,   63 ,   36 ,   82 ,   37 ,    0 ,
05/19/2015,   66 ,   44 ,   75 ,   35 ,    0 ,
05/20/2015,   72 ,   44 ,   79 ,   28 ,    0 ,
05/21/2015,   75 ,   43 ,   71 ,   25 ,    0 ,
05/22/2015,   79 ,   43 ,   92 ,   22 ,    0 ,
05/23/2015,   78 ,   48 ,   72 ,   24 ,    0 ,
05/24/2015,   71 ,   45 ,   94 ,   30 ,    0 ,
05/25/2015,   74 ,   40 ,   89 ,   25 ,    0 ,
05/26/2015,   65 ,   43 ,   94 ,   40 ,    0 ,
05/27/2015,   70 ,   42 ,   97 ,   37 ,    2 ,
05/28/2015,   72 ,   49 ,   91 ,   39 ,    0 ,
05/29/2015,   74 ,   46 ,   86 ,   36 ,    1 ,
05/30/2015,   77 ,   48 ,   95 ,   31 ,    2 ,
05/31/2015,   76 ,   48 ,   98 ,   45 ,    5 ,
06/01/2015,   81 ,   51 ,   96 ,   31 ,    2 ,
06/02/2015,   64 ,   50 ,   97 ,   68 ,    8 ,
06/03/2015,   67 ,   45 ,   95 ,   44 ,    3 ,
06/04/2015,   73 ,   42 ,   96 ,   34 ,    1 ,
06/05/2015,   78 ,   44 ,   92 ,   33 ,    0 ,
06/06/2015,   82 ,   46 ,   90 ,   27 ,    0 ,
06/07/2015,   85 ,   50 ,   85 ,   26 ,    0 ,
06/08/2015,   89 ,   54 ,   87 ,   24 ,    0 ,
06/09/2015,   94 ,   55 ,   76 ,   18 ,    0 ,
06/10/2015,   90 ,   59 ,   79 ,   23 ,    0 ,
06/11/2015,   91 ,   53 ,   77 ,   15 ,    0 ,
06/12/2015,   89 ,   54 ,   63 ,   17 ,    0 ,
06/13/2015,   81 ,   45 ,   58 ,   14 ,    0 ,
06/14/2015,   75 ,   39 ,   67 ,   11 ,    0 ,
06/15/2015,   78 ,   49 ,   62 ,   14 ,    0 ,
06/16/2015,   80 ,   50 ,   74 ,   25 ,    0 ,
06/17/2015,   83 ,   52 ,   73 ,   24 ,    0 ,
06/18/2015,   85 ,   59 ,   64 ,   21 ,    0 ,
06/19/2015,   90 ,   54 ,   84 ,   15 ,    0 ,
06/20/2015,   83 ,   47 ,   74 ,   20 ,    0 ,
06/21/2015,   81 ,   50 ,   56 ,   13 ,    0 ,
06/22/2015,   83 ,   53 ,   57 ,   12 ,    0 ,
06/23/2015,   85 ,   49 ,   68 ,   18 ,    0 ,
06/24/2015,   85 ,   51 ,   64 ,   20 ,    0 ,
06/25/2015,   91 ,   62 ,   54 ,   17 ,    0 ,
06/26/2015,   93 ,   54 ,   72 ,   19 ,    0 ,
06/27/2015,   99 ,   58 ,   65 ,   13 ,    0 ,
06/28/2015,  102 ,   61 ,   60 ,   14 ,    0 ,
06/29/2015,  104 ,   67 ,   50 ,   13 ,    0 ,
06/30/2015,   98 ,   61 ,   92 ,   18 ,    0 ,
07/01/2015,   96 ,   58 ,   68 ,   16 ,    0 ,
07/02/2015,   96 ,   63 ,   66 ,   16 ,    0 ,
07/03/2015,   97 ,   58 ,   64 ,   18 ,    0 ,
07/04/2015,   99 ,   58 ,   60 ,   13 ,    0 ,
07/05/2015,  101 ,   64 ,   59 ,   12 ,    0 ,
07/06/2015,   82 ,   54 ,   69 ,   33 ,    0 ,
07/07/2015,   87 ,   51 ,   59 ,   13 ,    0 ,
07/08/2015,   87 ,   52 ,   79 ,   20 ,    1 ,
07/09/2015,   92 ,   50 ,   60 ,    9 ,    0 ,
07/10/2015,   97 ,   60 ,   61 ,    8 ,    0 ,
07/11/2015,   90 ,   60 ,   98 ,   21 ,    6 ,
07/12/2015,   77 ,   58 ,   97 ,   51 ,    3 ,
07/13/2015,   83 ,   56 ,   82 ,   25 ,    1 ,
07/14/2015,   77 ,   49 ,   99 ,   40 ,    3 ,
07/15/2015,   81 ,   54 ,   98 ,   29 ,    3 ,
07/16/2015,   77 ,   50 ,   79 ,   35 ,    1 ,
07/17/2015,   77 ,   50 ,   71 ,   26 ,    0 ,
07/18/2015,   78 ,   51 ,   82 ,   29 ,    0 ,
07/19/2015,   88 ,   49 ,   81 ,   20 ,    0 ,
07/20/2015,   91 ,   53 ,   73 ,   17 ,    0 ,
07/21/2015,   94 ,   55 ,   61 ,   16 ,    0 ,
07/22/2015,   93 ,   57 ,   52 ,   11 ,    0 ,
07/23/2015,   89 ,   59 ,   93 ,    9 ,    1 ,
07/24/2015,   84 ,   49 ,   97 ,   31 ,    4 ,
07/25/2015,   89 ,   51 ,   81 ,   13 ,    0 ,
07/26/2015,   86 ,   56 ,   89 ,   18 ,    0 ,
07/27/2015,   75 ,   51 ,   99 ,   34 ,    6 ,
07/28/2015,   72 ,   47 ,   97 ,   37 ,    3 ,
07/29/2015,   80 ,   44 ,   90 ,   22 ,    0 ,
07/30/2015,   87 ,   49 ,   81 ,   22 ,    0 ,
07/31/2015,   91 ,   51 ,   70 ,   15 ,    0 ,
08/01/2015,   97 ,   53 ,   57 ,   11 ,    0 ,
08/02/2015,  100 ,   52 ,   64 ,    9 ,    0 ,
08/03/2015,   97 ,   54 ,   54 ,    8 ,    0 ,
08/04/2015,   95 ,   65 ,   50 ,   16 ,    0 ,
08/05/2015,   90 ,   56 ,   93 ,   19 ,    1 ,
08/06/2015,   74 ,   47 ,   65 ,   28 ,    0 ,
08/07/2015,   80 ,   44 ,   79 ,   21 ,    0 ,
08/08/2015,   84 ,   46 ,   63 ,   16 ,    0 ,
08/09/2015,   87 ,   49 ,   65 ,   18 ,    0 ,
08/10/2015,   91 ,   49 ,   84 ,   19 ,    0 ,
08/11/2015,   92 ,   50 ,   99 ,   14 ,    2 ,
08/12/2015,   95 ,   60 ,   70 ,   20 ,    0 ,
08/13/2015,   97 ,   55 ,   70 ,   17 ,    0 ,
08/14/2015,  101 ,   62 ,   54 ,   12 ,    0 ,
08/15/2015,   95 ,   61 ,   52 ,   18 ,    1 ,
08/16/2015,   80 ,   48 ,   97 ,   27 ,    1 ,
08/17/2015,   79 ,   48 ,   71 ,   21 ,    0 ,
08/18/2015,   83 ,   48 ,   67 ,   19 ,    0 ,
08/19/2015,   84 ,   46 ,   76 ,   19 ,    0 ,
08/20/2015,   88 ,   51 ,   67 ,   19 ,    0 ,
08/21/2015,   89 ,   54 ,   55 ,   10 ,    0 ,
08/22/2015,   80 ,   45 ,   93 ,   20 ,    2 ,
08/23/2015,   76 ,   40 ,   80 ,   26 ,    0 ,
08/24/2015,   83 ,   46 ,   65 ,   16 ,    0 ,
08/25/2015,   88 ,   51 ,   59 ,   16 ,    0 ,
08/26/2015,   90 ,   52 ,   61 ,   17 ,    0 ,
08/27/2015,   91 ,   57 ,   50 ,   15 ,    0 ,
08/28/2015,   87 ,   53 ,   63 ,   17 ,    0 ,
08/29/2015,   81 ,   60 ,   60 ,   22 ,    0 ,
08/30/2015,   83 ,   54 ,   95 ,   27 ,    0 ,
08/31/2015,   73 ,   42 ,   98 ,   27 ,    4 ,
09/01/2015,   78 ,   45 ,   89 ,   29 ,    0 ,
09/02/2015,   86 ,   50 ,   70 ,   20 ,    0 ,
09/03/2015,   77 ,   49 ,   99 ,   28 ,    6 ,
09/04/2015,   60 ,   40 ,   99 ,   65 ,    3 ,
09/05/2015,   64 ,   49 ,   99 ,   52 ,    4 ,
09/06/2015,   62 ,   41 ,   97 ,   31 ,    5 ,
09/07/2015,   65 ,   43 ,   98 ,   31 ,    2 ,
09/08/2015,   70 ,   36 ,   98 ,   33 ,    0 ,
09/09/2015,   73 ,   42 ,   90 ,   31 ,    0 ,
09/10/2015,   80 ,   44 ,   84 ,   19 ,    0 ,
09/11/2015,   82 ,   45 ,   85 ,   21 ,    0 ,
09/12/2015,   86 ,   46 ,   88 ,   22 ,    0 ,
09/13/2015,   90 ,   48 ,   68 ,   18 ,    0 ,
09/14/2015,   85 ,   52 ,   61 ,   18 ,    0 ,
09/15/2015,   78 ,   45 ,   99 ,   14 ,    4 ,
09/16/2015,   63 ,   44 ,   84 ,   37 ,    0 ,
09/17/2015,   60 ,   35 ,   90 ,   47 ,    0 ,
09/18/2015,   61 ,   45 ,   82 ,   43 ,    2 ,
09/19/2015,   67 ,   38 ,   93 ,   40 ,    0 ,
09/20/2015,   80 ,   46 ,   75 ,   24 ,    0 ,
09/21/2015,   82 ,   52 ,   68 ,   21 ,    0 ,
09/22/2015,   79 ,   41 ,   79 ,   23 ,    0 ,
09/23/2015,   80 ,   48 ,   76 ,   28 ,    0 ,
09/24/2015,   82 ,   42 ,   62 ,   23 ,    0 ,
09/25/2015,   81 ,   43 ,   76 ,   19 ,    0 ,
09/26/2015,   86 ,   48 ,   55 ,   15 ,    0 ,
09/27/2015,   82 ,   45 ,   69 ,   16 ,    0 ,
09/28/2015,   72 ,   32 ,   68 ,   15 ,    0 ,
09/29/2015,   71 ,   32 ,   71 ,   15 ,    0 ,
09/30/2015,   76 ,   38 ,   71 ,   18 ,    0 ,
10/01/2015,   79 ,   54 ,   57 ,   18 ,    0 ,
10/02/2015,   70 ,   45 ,   70 ,   30 ,    0 ,
10/03/2015,   71 ,   48 ,   94 ,   32 ,    2 ,
10/04/2015,   60 ,   39 ,   63 ,   33 ,    0 ,
10/05/2015,   64 ,   30 ,   90 ,   29 ,    0 ,
10/06/2015,   70 ,   32 ,   86 ,   27 ,    0 ,
10/07/2015,   70 ,   47 ,   65 ,   29 ,    0 ,
10/08/2015,   64 ,   51 ,  100 ,   40 ,    5 ,
10/09/2015,   69 ,   43 ,   99 ,   57 ,    0 ,
10/10/2015,   76 ,   42 ,   93 ,   40 ,    0 ,
10/11/2015,   83 ,   47 ,   81 ,   21 ,    5 ,
10/12/2015,   62 ,   33 ,   85 ,   29 ,    0 ,
10/13/2015,   70 ,   44 ,   72 ,   27 ,    0 ,
10/14/2015,   71 ,   42 ,   93 ,   29 ,    0 ,
10/15/2015,   71 ,   34 ,   90 ,   23 ,    0 ,
10/16/2015,   71 ,   34 ,   83 ,   20 ,    0 ,
10/17/2015,   68 ,   32 ,   91 ,   29 ,    0 ,
10/18/2015,   70 ,   43 ,   68 ,   29 ,    0 ,
10/19/2015,   64 ,   43 ,   99 ,   41 ,    5 ,
10/20/2015,   58 ,   42 ,  100 ,   76 ,    2 ,
10/21/2015,   59 ,   32 ,   99 ,   61 ,    0 ,
10/22/2015,   56 ,   32 ,   99 ,   60 ,    0 ,
10/23/2015,   55 ,   30 ,   98 ,   60 ,    0 ,
10/24/2015,   55 ,   28 ,   96 ,   49 ,    0 ,
10/25/2015,   50 ,   33 ,   92 ,   47 ,    0 ,
10/26/2015,   53 ,   33 ,   95 ,   54 ,    1 ,
10/27/2015,   54 ,   38 ,   99 ,   62 ,    3 ,
10/28/2015,   52 ,   26 ,   97 ,   52 ,    0 ,
10/29/2015,   49 ,   35 ,   90 ,   53 ,    0 ,
10/30/2015,   52 ,   40 ,   87 ,   50 ,    0 ,
10/31/2015,   54 ,   44 ,   99 ,   52 ,   18 ,
11/01/2015,   54 ,   39 ,  100 ,   71 ,   16 ,
11/02/2015,   51 ,   34 ,  100 ,   57 ,    7 ,
11/03/2015,   48 ,   31 ,   99 ,   65 ,    1 ,
11/04/2015,   42 ,   34 ,   99 ,   70 ,    8 ,
11/05/2015,   42 ,   28 ,   93 ,   58 ,    1 ,
11/06/2015,   39 ,   28 ,   99 ,   65 ,    2 ,
11/07/2015,   47 ,   26 ,   97 ,   49 ,    0 ,
11/08/2015,   49 ,   28 ,   97 ,   47 ,    0 ,
11/09/2015,   46 ,   31 ,   97 ,   51 ,    0 ,
11/10/2015,   40 ,   33 ,   99 ,   76 ,   12 ,
11/11/2015,   43 ,   28 ,   92 ,   57 ,    0 ,
11/12/2015,   43 ,   28 ,   95 ,   63 ,    1 ,
11/13/2015,   50 ,   29 ,   88 ,   58 ,    0 ,
11/14/2015,   57 ,   37 ,   96 ,   39 ,    2 ,
11/15/2015,   59 ,   29 ,   97 ,   39 ,    0 ,
11/16/2015,   46 ,   34 ,   80 ,   38 ,    0 ,
11/17/2015,   41 ,   29 ,   63 ,   35 ,    0 ,
11/18/2015,   51 ,   31 ,   90 ,   36 ,    3 ,
11/19/2015,   38 ,   29 ,   87 ,   37 ,    0 ,
11/20/2015,   37 ,   25 ,   97 ,   36 ,    1 ,
11/21/2015,   38 ,   14 ,   88 ,   35 ,    0 ,
11/22/2015,   34 ,   16 ,   88 ,   48 ,    0 ,
11/23/2015,   38 ,   20 ,   89 ,   47 ,    0 ,
11/24/2015,   40 ,   24 ,   92 ,   50 ,    0 ,
11/25/2015,   31 ,   15 ,   96 ,   44 ,    2 ,
11/26/2015,   31 ,    1 ,   86 ,   41 ,    2 ,
11/27/2015,   22 ,   -2 ,   85 ,   56 ,    1 ,
11/28/2015,   20 ,   -2 ,   84 ,   62 ,    0 ,
11/29/2015,   17 ,   -1 ,   85 ,   65 ,    0 ,
11/30/2015,   17 ,   -2 ,   85 ,   69 ,    0 ,
12/01/2015,   19 ,    0 ,   84 ,   64 ,    0 ,
12/02/2015,   21 ,    9 ,   89 ,   72 ,    0 ,
12/03/2015,   27 ,   10 ,   92 ,   78 ,    0 ,
12/04/2015,   37 ,   25 ,   97 ,   80 ,    1 ,
12/05/2015,   43 ,   29 ,   97 ,   54 ,    2 ,
12/06/2015,   46 ,   29 ,   85 ,   48 ,    0 ,
12/07/2015,   43 ,   33 ,   92 ,   60 ,    1 ,
12/08/2015,   44 ,   36 ,   99 ,   86 ,   13 ,
12/09/2015,   55 ,   42 ,   92 ,   50 ,    3 ,
12/10/2015,   45 ,   30 ,   97 ,   50 ,    1 ,
12/11/2015,   36 ,   29 ,   99 ,   92 ,    4 ,
12/12/2015,   33 ,   30 ,   99 ,   92 ,    3 ,
12/13/2015,   37 ,   31 ,   98 ,   72 ,    0 ,
12/14/2015,   37 ,   30 ,   98 ,   77 ,    2 ,
12/15/2015,   37 ,   29 ,   92 ,   65 ,    0 ,
12/16/2015,   32 ,   26 ,   93 ,   59 ,    0 ,
12/18/2015,   29 ,   18 ,   93 ,   63 ,    0 ,
12/19/2015,   35 ,   27 ,   98 ,   83 ,    1 ,
12/20/2015,   34 ,   23 ,   98 ,   70 ,    4 ,
12/21/2015,   35 ,   22 ,   95 ,   72 ,    2 ,
12/22/2015,   35 ,   27 ,   95 ,   71 ,    5 ,
12/23/2015,   38 ,   17 ,   92 ,   73 ,    4 ,
12/24/2015,   33 ,   20 ,   91 ,   64 ,    1 ,
12/25/2015,   31 ,   18 ,   92 ,   64 ,    1 ,
12/26/2015,   26 ,   17 ,   92 ,   73 ,    1 ,
12/27/2015,   26 ,    6 ,   89 ,   78 ,    0 ,
12/28/2015,   21 ,   12 ,   88 ,   66 ,    0 ,
12/29/2015,   24 ,   14 ,   90 ,   64 ,    0 ,
12/30/2015,   24 ,   17 ,   91 ,   73 ,    0 ,
12/31/2015,   25 ,   14 ,   91 ,   74 ,    0 ,
01/01/2016,   24 ,   12 ,   88 ,   68 ,    0 ,
01/02/2016,   22 ,    4 ,   85 ,   64 ,    0 ,
01/03/2016,   16 ,   -2 ,   82 ,   70 ,    0 ,
01/04/2016,   20 ,    8 ,   87 ,   68 ,    0 ,
01/05/2016,   29 ,   16 ,   89 ,   60 ,    1 ,
01/06/2016,   33 ,   15 ,   94 ,   62 ,    3 ,
01/07/2016,   33 ,   24 ,   94 ,   76 ,    1 ,
01/08/2016,   32 ,   24 ,   96 ,   66 ,    3 ,
01/09/2016,   31 ,   23 ,   95 ,   70 ,    1 ,
01/10/2016,   33 ,   25 ,   94 ,   75 ,    3 ,
01/11/2016,   35 ,    6 ,   91 ,   67 ,    4 ,
01/12/2016,   28 ,   10 ,   90 ,   70 ,    0 ,
01/13/2016,   34 ,   24 ,   93 ,   65 ,    3 ,
01/14/2016,   39 ,   32 ,   99 ,   52 ,   11 ,
01/15/2016,   38 ,   23 ,   89 ,   48 ,    5 ,
01/16/2016,   34 ,   21 ,   92 ,   67 ,    1 ,
01/17/2016,   35 ,   27 ,   97 ,   80 ,    3 ,
01/18/2016,   44 ,   30 ,   99 ,   76 ,   12 ,
01/19/2016,   42 ,   26 ,   98 ,   77 ,    2 ,
01/20/2016,   44 ,   33 ,   97 ,   60 ,    2 ,
01/21/2016,   47 ,   29 ,   87 ,   48 ,    0 ,
01/22/2016,   36 ,   24 ,   97 ,   81 ,    0 ,
01/23/2016,   36 ,   24 ,   97 ,   74 ,    0 ,
01/24/2016,   39 ,   28 ,   98 ,   81 ,    2 ,
01/25/2016,   44 ,   25 ,   88 ,   51 ,    0 ,
01/26/2016,   41 ,   24 ,   87 ,   49 ,    0 ,
01/27/2016,   42 ,   31 ,   88 ,   48 ,    0 ,
01/28/2016,   38 ,   30 ,   99 ,   76 ,    1 ,
01/29/2016,   39 ,   32 ,   97 ,   69 ,    3 ,
01/30/2016,   39 ,   28 ,   96 ,   74 ,    4 ,
01/31/2016,   36 ,   26 ,   95 ,   76 ,    2 ,
02/01/2016,   33 ,   23 ,   95 ,   66 ,    3 ,
02/02/2016,   32 ,   22 ,   94 ,   63 ,    2 ,
02/03/2016,   30 ,   18 ,   94 ,   67 ,    2 ,
02/04/2016,   37 ,   22 ,   94 ,   77 ,    3 ,
02/05/2016,   42 ,   27 ,   93 ,   63 ,    1 ,
02/06/2016,   43 ,   29 ,   94 ,   50 ,    3 ,
02/07/2016,   40 ,   20 ,   92 ,   46 ,    0 ,
02/08/2016,   42 ,   31 ,   83 ,   44 ,    0 ,
02/09/2016,   45 ,   24 ,   97 ,   50 ,    0 ,
02/10/2016,   43 ,   24 ,   97 ,   63 ,    0 ,
02/11/2016,   53 ,   32 ,   91 ,   53 ,    0 ,
02/12/2016,   54 ,   35 ,   99 ,   45 ,    4 ,
02/13/2016,   47 ,   33 ,   99 ,   64 ,    3 ,
02/14/2016,   48 ,   33 ,   84 ,   44 ,    0 ,
02/15/2016,   52 ,   38 ,   99 ,   52 ,    6 ,
02/16/2016,   53 ,   38 ,   98 ,   50 ,    3 ,
02/17/2016,   50 ,   33 ,   98 ,   57 ,    0 ,
02/18/2016,   46 ,   31 ,   98 ,   72 ,    4 ,
02/19/2016,   51 ,   32 ,   97 ,   37 ,    3 ,
02/20/2016,   53 ,   30 ,   90 ,   35 ,    2 ,
02/21/2016,   44 ,   19 ,   91 ,   38 ,    0 ,
02/22/2016,   47 ,   32 ,   73 ,   32 ,    0 ,
02/23/2016,   42 ,   20 ,   90 ,   34 ,    0 ,
02/24/2016,   45 ,   20 ,   86 ,   28 ,    0 ,
02/25/2016,   48 ,   24 ,   88 ,   33 ,    0 ,
02/26/2016,   54 ,   25 ,   90 ,   30 ,    0 ,
02/27/2016,   53 ,   34 ,   97 ,   35 ,    3 ,
02/28/2016,   55 ,   33 ,   88 ,   45 ,    1 ,
03/01/2016,   47 ,   24 ,   88 ,   36 ,    0 ,
03/02/2016,   45 ,   32 ,   88 ,   47 ,    2 ,
03/03/2016,   48 ,   29 ,   92 ,   45 ,    0 ,
03/04/2016,   52 ,   26 ,   94 ,   35 ,    0 ,
03/05/2016,   57 ,   30 ,   95 ,   29 ,    1 ,
03/06/2016,   56 ,   36 ,   93 ,   49 ,    0 ,
03/07/2016,   53 ,   24 ,   93 ,   37 ,    0 ,
03/08/2016,   51 ,   30 ,   87 ,   39 ,    0 ,
03/09/2016,   50 ,   28 ,   88 ,   35 ,    0 ,
03/10/2016,   59 ,   39 ,   86 ,   40 ,    0 ,
03/11/2016,   61 ,   30 ,   98 ,   31 ,    3 ,
03/12/2016,   56 ,   35 ,   97 ,   48 ,    1 ,
03/13/2016,   58 ,   33 ,   87 ,   28 ,    0 ,
03/14/2016,   54 ,   32 ,   99 ,   36 ,    9 ,
03/15/2016,   44 ,   29 ,   96 ,   50 ,    2 ,
03/16/2016,   44 ,   28 ,   92 ,   40 ,    0 ,
03/17/2016,   37 ,   28 ,   97 ,   70 ,    5 ,
03/18/2016,   43 ,   19 ,   93 ,   38 ,    1 ,
03/19/2016,   48 ,   18 ,   85 ,   30 ,    0 ,
03/20/2016,   58 ,   26 ,   90 ,   26 ,    0 ,
03/21/2016,   65 ,   40 ,   98 ,   25 ,    2 ,
03/22/2016,   59 ,   35 ,   97 ,   35 ,    1 ,
03/23/2016,   47 ,   30 ,   89 ,   44 ,    0 ,
03/24/2016,   53 ,   35 ,   93 ,   31 ,    3 ,
03/25/2016,   49 ,   30 ,   93 ,   43 ,    2 ,
03/26/2016,   48 ,   28 ,   97 ,   38 ,    2 ,
03/27/2016,   51 ,   25 ,   84 ,   27 ,    0 ,
03/28/2016,   44 ,   28 ,   88 ,   50 ,    3 ,
03/29/2016,   52 ,   29 ,   89 ,   37 ,    0 ,
03/30/2016,   54 ,   26 ,   87 ,   32 ,    0 ,
03/31/2016,   59 ,   39 ,   98 ,   34 ,    3 ,
04/01/2016,   61 ,   28 ,   94 ,   32 ,    0 ,
04/02/2016,   66 ,   32 ,   92 ,   32 ,    0 ,
04/03/2016,   72 ,   40 ,   83 ,   26 ,    0 ,
04/04/2016,   71 ,   35 ,   88 ,   16 ,    0 ,
04/05/2016,   49 ,   33 ,   94 ,   41 ,    1 ,
04/06/2016,   60 ,   30 ,   89 ,   36 ,    0 ,
04/07/2016,   67 ,   35 ,   89 ,   27 ,    0 ,
04/08/2016,   73 ,   33 ,   87 ,   21 ,    0 ,
04/09/2016,   78 ,   38 ,   77 ,   17 ,    0 ,
04/10/2016,   77 ,   46 ,   62 ,   15 ,    0 ,
04/11/2016,   66 ,   33 ,   87 ,   28 ,    0 ,
04/12/2016,   72 ,   39 ,   83 ,   21 ,    0 ,
04/13/2016,   55 ,   42 ,   79 ,   50 ,    0 ,
04/14/2016,   57 ,   38 ,   97 ,   34 ,    2 ,
04/15/2016,   45 ,   35 ,   98 ,   53 ,    7 ,
04/16/2016,   59 ,   31 ,   96 ,   41 ,    0 ,
04/17/2016,   66 ,   29 ,   95 ,   29 ,    0 ,
04/18/2016,   69 ,   31 ,   73 ,   14 ,    0 ,
04/19/2016,   73 ,   29 ,   73 ,    9 ,    0 ,
04/20/2016,   76 ,   37 ,   83 ,   18 ,    0 ,
04/21/2016,   83 ,   41 ,   78 ,   17 ,    0 ,
04/22/2016,   84 ,   45 ,   73 ,   15 ,    0 ,
04/23/2016,   79 ,   49 ,   97 ,   28 ,    5 ,
04/24/2016,   53 ,   42 ,   99 ,   72 ,   12 ,
04/25/2016,   60 ,   39 ,   98 ,   43 ,    1 ,
04/26/2016,   61 ,   43 ,   97 ,   42 ,    1 ,
04/27/2016,   62 ,   38 ,   96 ,   33 ,    0 ,
04/28/2016,   63 ,   40 ,   79 ,   35 ,    0 ,
04/29/2016,   52 ,   33 ,   90 ,   40 ,    0 ,
04/30/2016,   55 ,   40 ,   98 ,   46 ,    8 ,
05/01/2016,   66 ,   37 ,   95 ,   35 ,    0 ,
05/02/2016,   71 ,   36 ,   97 ,   27 ,    0 ,
05/03/2016,   76 ,   40 ,   88 ,   16 ,    0 ,
05/04/2016,   82 ,   42 ,   85 ,   17 ,    0 ,
05/05/2016,   76 ,   45 ,   82 ,   22 ,    0 ,
05/06/2016,   79 ,   50 ,   75 ,   31 ,    1 ,
05/07/2016,   74 ,   46 ,   82 ,   38 ,    0 ,
05/08/2016,   79 ,   47 ,   92 ,   24 ,    0 ,
05/09/2016,   79 ,   42 ,   95 ,   23 ,    4 ,
05/10/2016,   54 ,   38 ,   98 ,   43 ,    9 ,
05/11/2016,   60 ,   33 ,   96 ,   38 ,    0 ,
05/12/2016,   69 ,   35 ,   94 ,   33 ,    0 ,
05/13/2016,   76 ,   42 ,   68 ,   18 ,    0 ,
05/14/2016,   67 ,   41 ,   73 ,   33 ,    0 ,
05/15/2016,   63 ,   49 ,   73 ,   36 ,    1 ,
05/16/2016,   61 ,   44 ,   84 ,   48 ,    1 ,
05/17/2016,   72 ,   39 ,   96 ,   40 ,    0 ,
05/18/2016,   76 ,   46 ,   91 ,   31 ,    0 ,
05/19/2016,   80 ,   46 ,   98 ,   31 ,    7 ,
05/20/2016,   54 ,   38 ,   99 ,   69 ,    5 ,
05/21/2016,   56 ,   42 ,   99 ,   66 ,    5 ,
05/22/2016,   54 ,   40 ,   95 ,   50 ,    2 ,
05/23/2016,   55 ,   43 ,   97 ,   50 ,   10 ,
05/24/2016,   51 ,   42 ,   99 ,   73 ,   16 ,
05/25/2016,   65 ,   36 ,   99 ,   49 ,    0 ,
05/26/2016,   67 ,   47 ,   93 ,   41 ,    2 ,
05/27/2016,   67 ,   45 ,   98 ,   44 ,    3 ,
05/28/2016,   62 ,   35 ,   91 ,   36 ,    0 ,
05/29/2016,   68 ,   36 ,   93 ,   38 ,    1 ,
05/30/2016,   70 ,   45 ,   99 ,   32 ,    4 ,
05/31/2016,   71 ,   37 ,   90 ,   27 ,    0 ,
06/01/2016,   74 ,   42 ,   88 ,   25 ,    0 ,
06/02/2016,   77 ,   53 ,   69 ,   27 ,    0 ,
06/03/2016,   74 ,   50 ,   81 ,   34 ,    0 ,
06/04/2016,   82 ,   46 ,   89 ,   25 ,    0 ,
06/05/2016,   89 ,   49 ,   82 ,   16 ,    0 ,
06/06/2016,   90 ,   57 ,   75 ,   21 ,    0 ,
06/07/2016,   94 ,   59 ,   96 ,   20 ,    1 ,
06/08/2016,   90 ,   53 ,   91 ,   30 ,    0 ,
06/09/2016,   91 ,   58 ,   86 ,   24 ,    0 ,
06/10/2016,   80 ,   47 ,   79 ,   28 ,    0 ,
06/11/2016,   80 ,   48 ,   96 ,   28 ,    3 ,
06/12/2016,   70 ,   35 ,   83 ,   27 ,    0 ,
06/13/2016,   79 ,   38 ,   74 ,   20 ,    0 ,
06/14/2016,   83 ,   47 ,   97 ,   17 ,    6 ,
06/15/2016,   63 ,   33 ,   95 ,   36 ,    1 ,
06/16/2016,   63 ,   45 ,   98 ,   35 ,    3 ,
06/17/2016,   68 ,   34 ,   97 ,   39 ,    0 ,
06/18/2016,   77 ,   47 ,   79 ,   24 ,    0 ,
06/19/2016,   78 ,   44 ,   74 ,   32 ,    1 ,
06/20/2016,   81 ,   39 ,   86 ,   23 ,    0 ,
06/21/2016,   89 ,   51 ,   74 ,   19 ,    0 ,
06/22/2016,   78 ,   42 ,   85 ,   20 ,    0 ,
06/23/2016,   84 ,   46 ,   68 ,   17 ,    0 ,
06/24/2016,   82 ,   53 ,   81 ,   24 ,    3 ,
06/25/2016,   67 ,   43 ,   98 ,   36 ,    5 ,
06/26/2016,   79 ,   42 ,   90 ,    3 ,    0 ,
06/27/2016,   88 ,   46 ,   83 ,   19 ,    0 ,
06/28/2016,   94 ,   61 ,   63 ,   16 ,    0 ,
06/29/2016,   94 ,   54 ,   71 ,   18 ,    0 ,
06/30/2016,   96 ,   60 ,   73 ,   16 ,    0 ,
07/01/2016,   93 ,   55 ,   75 ,   14 ,    0 ,
07/02/2016,   92 ,   54 ,   71 ,   18 ,    0 ,
07/03/2016,   87 ,   48 ,   99 ,   19 ,    1 ,
07/04/2016,   87 ,   53 ,   59 ,   19 ,    0 ,
07/05/2016,   79 ,   44 ,   78 ,   20 ,    0 ,
07/06/2016,   80 ,   51 ,   92 ,   19 ,    2 ,
07/07/2016,   74 ,   40 ,   99 ,   29 ,    1 ,
07/08/2016,   78 ,   53 ,   69 ,   29 ,    0 ,
07/09/2016,   82 ,   51 ,   93 ,   32 ,    2 ,
07/10/2016,   71 ,   49 ,  100 ,   56 ,    6 ,
07/11/2016,   59 ,   44 ,  100 ,   68 ,   15 ,
07/12/2016,   69 ,   40 ,  100 ,   48 ,    1 ,
07/13/2016,   73 ,   51 ,  100 ,   42 ,    3 ,
07/14/2016,   78 ,   45 ,   98 ,   29 ,    0 ,
07/15/2016,   84 ,   47 ,   89 ,   24 ,    0 ,
07/16/2016,   87 ,   45 ,   83 ,   15 ,    0 ,
07/17/2016,   76 ,   43 ,   96 ,   40 ,    0 ,
07/18/2016,   85 ,   49 ,  100 ,   32 ,    2 ,
07/19/2016,   91 ,   54 ,   88 ,   25 ,    0 ,
07/20/2016,   89 ,   54 ,   83 ,   23 ,    0 ,
07/21/2016,   89 ,   50 ,   80 ,   23 ,    0 ,
07/22/2016,   93 ,   53 ,   78 ,   18 ,    0 ,
07/23/2016,   86 ,   55 ,   70 ,   24 ,    0 ,
07/24/2016,   82 ,   47 ,   84 ,   26 ,    0 ,
07/25/2016,   89 ,   52 ,   77 ,   21 ,    0 ,
07/26/2016,   93 ,   53 ,   71 ,   19 ,    0 ,
07/27/2016,   93 ,   56 ,   82 ,   19 ,    0 ,
07/28/2016,   93 ,   60 ,   73 ,   19 ,    0 ,
07/29/2016,   94 ,   56 ,   75 ,   18 ,    0 ,
07/30/2016,   95 ,   56 ,   72 ,   16 ,    0 ,
07/31/2016,   97 ,   53 ,   56 ,   14 ,    0 ,
08/01/2016,   87 ,   46 ,   63 ,   11 ,    0 ,
08/02/2016,   90 ,   48 ,   65 ,   14 ,    0 ,
08/03/2016,   97 ,   52 ,   56 ,   12 ,    0 ,
08/04/2016,   80 ,   43 ,   91 ,   30 ,    0 ,
08/05/2016,   90 ,   48 ,   79 ,   13 ,    0 ,
08/06/2016,   93 ,   62 ,   44 ,   10 ,    0 ,
08/07/2016,   88 ,   49 ,  100 ,   19 ,    1 ,
08/08/2016,   81 ,   46 ,   99 ,   36 ,    0 ,
08/09/2016,   82 ,   50 ,   94 ,   26 ,    1 ,
08/10/2016,   72 ,   44 ,   98 ,   46 ,    1 ,
08/11/2016,   76 ,   45 ,  100 ,   45 ,    0 ,
08/12/2016,   82 ,   48 ,   96 ,   34 ,    0 ,
08/13/2016,   86 ,   49 ,   88 ,   24 ,    0 ,
08/14/2016,   89 ,   54 ,   74 ,   21 ,    0 ,
08/15/2016,   92 ,   52 ,   69 ,   17 ,    0 ,
08/16/2016,   95 ,   52 ,   66 ,   14 ,    0 ,
08/17/2016,   95 ,   51 ,   54 ,   11 ,    0 ,
08/18/2016,   96 ,   66 ,   65 ,   13 ,    0 ,
08/19/2016,   90 ,   45 ,   94 ,   23 ,    1 ,
08/20/2016,   81 ,   42 ,   80 ,   16 ,    0 ,
08/21/2016,   88 ,   47 ,   72 ,   14 ,    0 ,
08/22/2016,   94 ,   54 ,   46 ,    8 ,    0 ,
08/23/2016,   78 ,   42 ,   70 ,   19 ,    0 ,
08/24/2016,   77 ,   48 ,   76 ,   25 ,    0 ,
08/25/2016,   75 ,   42 ,   80 ,   27 ,    0 ,
08/26/2016,   79 ,   43 ,   76 ,   17 ,    0 ,
08/27/2016,   83 ,   51 ,   63 ,   20 ,    0 ,
08/28/2016,   88 ,   57 ,   63 ,   16 ,    0 ,
08/29/2016,   89 ,   48 ,   66 ,   13 ,    0 ,
08/30/2016,   96 ,   54 ,   56 ,   11 ,    0 ,
08/31/2016,   86 ,   55 ,   60 ,   16 ,    0 ,
09/01/2016,   84 ,   54 ,   69 ,   25 ,    0 ,
09/02/2016,   89 ,   54 ,   72 ,   21 ,    0 ,
09/03/2016,   69 ,   42 ,   84 ,   38 ,    0 ,
09/04/2016,   71 ,   48 ,   92 ,   33 ,    0 ,
09/05/2016,   67 ,   47 ,  100 ,   38 ,    3 ,
09/06/2016,   60 ,   37 ,  100 ,   70 ,    5 ,
09/07/2016,   62 ,   44 ,  100 ,   81 ,    7 ,
09/08/2016,   67 ,   50 ,  100 ,   49 ,    4 ,
09/09/2016,   68 ,   42 ,  100 ,   37 ,    4 ,
09/10/2016,   73 ,   37 ,  100 ,   44 ,    0 ,
09/11/2016,   81 ,   47 ,   77 ,   24 ,    0 ,
09/12/2016,   73 ,   43 ,  100 ,   25 ,    3 ,
09/13/2016,   60 ,   33 ,   90 ,   40 ,    0 ,
09/14/2016,   66 ,   36 ,   99 ,   39 ,    0 ,
09/15/2016,   72 ,   36 ,  100 ,   34 ,    0 ,
09/16/2016,   77 ,   40 ,   94 ,   33 ,    0 ,
09/17/2016,   80 ,   46 ,   73 ,   28 ,    0 ,
09/18/2016,   71 ,   50 ,  100 ,   35 ,    5 ,
09/19/2016,   68 ,   43 ,  100 ,   48 ,    0 ,
09/20/2016,   71 ,   47 ,   80 ,   41 ,    0 ,
09/21/2016,   63 ,   47 ,  100 ,   50 ,    2 ,
09/22/2016,   60 ,   48 ,  100 ,   67 ,   10 ,
09/23/2016,   60 ,   46 ,  100 ,   73 ,    0 ,
09/24/2016,   64 ,   46 ,  100 ,   46 ,    2 ,
09/25/2016,   67 ,   37 ,  100 ,   42 ,    0 ,
09/26/2016,   71 ,   39 ,  100 ,   46 ,    0 ,
09/27/2016,   76 ,   43 ,  100 ,   53 ,    0 ,
09/28/2016,   83 ,   47 ,   96 ,   28 ,    0 ,
09/29/2016,   83 ,   45 ,   95 ,   26 ,    0 ,
09/30/2016,   83 ,   50 ,   81 ,   30 ,    0 ,
10/01/2016,   84 ,   52 ,  100 ,   21 ,    2 ,
10/02/2016,   72 ,   32 ,  100 ,   41 ,    0 ,
10/03/2016,   63 ,   39 ,  100 ,   43 ,    2 ,
10/04/2016,   48 ,   42 ,  100 ,   88 ,    4 ,
10/05/2016,   50 ,   38 ,  100 ,   77 ,    3 ,
10/06/2016,   56 ,   35 ,  100 ,   72 ,    3 ,
10/07/2016,   54 ,   35 ,  100 ,   72 ,    3 ,
10/08/2016,   57 ,   46 ,  100 ,   79 ,    6 ,
10/09/2016,   61 ,   46 ,   99 ,   75 ,    4 ,
10/10/2016,   59 ,   47 ,  100 ,   43 ,    9 ,
10/11/2016,   57 ,   33 ,  100 ,   46 ,    1 ,
10/12/2016,   47 ,   24 ,  100 ,   60 ,    0 ,
10/13/2016,   51 ,   28 ,  100 ,   60 ,    0 ,
10/14/2016,   51 ,   44 ,  100 ,   64 ,    7 ,
10/15/2016,   57 ,   37 ,  100 ,   65 ,    2 ,
10/16/2016,   57 ,   41 ,  100 ,   52 ,   12 ,
10/17/2016,   53 ,   36 ,  100 ,   70 ,    4 ,
10/18/2016,   56 ,   38 ,  100 ,   57 ,    2 ,
10/19/2016,   48 ,   37 ,  100 ,   80 ,    2 ,
10/20/2016,   53 ,   31 ,   99 ,   47 ,    0 ,
10/21/2016,   55 ,   41 ,  100 ,   70 ,    4 ,
10/22/2016,   55 ,   40 ,   99 ,   54 ,    4 ,
10/23/2016,   55 ,   32 ,   99 ,   52 ,    0 ,
10/24/2016,   57 ,   36 ,   99 ,   52 ,    0 ,
10/25/2016,   53 ,   40 ,  100 ,   64 ,    3 ,
10/26/2016,   55 ,   45 ,  100 ,   77 ,    6 ,
10/27/2016,   54 ,   44 ,  100 ,   84 ,    0 ,
10/28/2016,   56 ,   44 ,  100 ,   55 ,    6 ,
10/29/2016,   58 ,   30 ,  100 ,   53 ,    0 ,
10/30/2016,   56 ,   41 ,  100 ,   59 ,    5 ,
10/31/2016,   54 ,   42 ,  100 ,   58 ,    9 ,
11/01/2016,   51 ,   34 ,  100 ,   54 ,    4 ,
11/02/2016,   51 ,   32 ,   99 ,   55 ,    0 ,
11/03/2016,   55 ,   29 ,   99 ,   56 ,    0 ,
11/04/2016,   54 ,   28 ,   99 ,   54 ,    0 ,
11/05/2016,   52 ,   28 ,   99 ,   56 ,    0 ,
11/06/2016,   56 ,   32 ,   98 ,   46 ,    1 ,
11/07/2016,   54 ,   28 ,   98 ,   50 ,    0 ,
11/08/2016,   52 ,   31 ,   98 ,   62 ,    0 ,
11/09/2016,   54 ,   31 ,   98 ,   59 ,    0 ,
11/10/2016,   56 ,   30 ,  100 ,   59 ,    0 ,
11/11/2016,   51 ,   30 ,  100 ,   72 ,    1 ,
11/12/2016,   48 ,   30 ,  100 ,   77 ,    0 ,
11/13/2016,   56 ,   37 ,   97 ,   46 ,    1 ,
11/14/2016,   56 ,   42 ,   92 ,   54 ,    1 ,
11/15/2016,   55 ,   41 ,  100 ,   61 ,    6 ,
11/16/2016,   56 ,   33 ,   98 ,   51 ,    5 ,
11/17/2016,   42 ,   28 ,   96 ,   51 ,    1 ,
11/18/2016,   39 ,   20 ,   94 ,   59 ,    0 ,
11/19/2016,   45 ,   29 ,   83 ,   52 ,    0 ,
11/20/2016,   43 ,   29 ,   95 ,   59 ,    0 ,
11/21/2016,   48 ,   32 ,   96 ,   67 ,    0 ,
11/22/2016,   48 ,   32 ,   95 ,   60 ,    0 ,
11/23/2016,   47 ,   27 ,   95 ,   58 ,    0 ,
11/24/2016,   45 ,   28 ,   90 ,   43 ,    0 ,
11/25/2016,   47 ,   29 ,   78 ,   40 ,    0 ,
11/26/2016,   42 ,   24 ,   94 ,   55 ,    0 ,
11/27/2016,   38 ,   22 ,   94 ,   72 ,    0 ,
11/28/2016,   43 ,   31 ,   97 ,   61 ,    2 ,
11/29/2016,   37 ,   29 ,  100 ,   66 ,    1 ,
11/30/2016,   37 ,   22 ,   93 ,   70 ,    0 ,
12/01/2016,   34 ,   26 ,   97 ,   80 ,    1 ,
12/02/2016,   35 ,   28 ,   97 ,   76 ,    3 ,
12/03/2016,   39 ,   28 ,   94 ,   65 ,    1 ,
12/04/2016,   38 ,   30 ,   98 ,   81 ,    5 ,
12/05/2016,   37 ,   18 ,   98 ,   48 ,    1 ,
12/06/2016,   30 ,   16 ,   92 ,   48 ,    0 ,
12/07/2016,   19 ,   11 ,   66 ,   54 ,    1 ,
12/08/2016,   18 ,    7 ,   82 ,   57 ,    0 ,
12/09/2016,   19 ,   11 ,   91 ,   53 ,    0 ,
12/10/2016,   26 ,   15 ,   91 ,   63 ,    0 ,
12/11/2016,   34 ,   19 ,   94 ,   68 ,    0 ,
12/12/2016,   38 ,   25 ,   97 ,   65 ,    6 ,
12/13/2016,   38 ,   19 ,   95 ,   62 ,    2 ,
12/14/2016,   29 ,    4 ,   94 ,   73 ,    0 ,
12/15/2016,   19 ,   14 ,   92 ,   76 ,    0 ,
12/16/2016,   19 ,   10 ,   87 ,   53 ,    0 ,
12/17/2016,   12 ,  -13 ,   81 ,   53 ,    0 ,
12/18/2016,    9 ,   -8 ,   84 ,   66 ,    0 ,
12/19/2016,   24 ,    9 ,   92 ,   72 ,    0 ,
12/20/2016,   41 ,   24 ,   98 ,   60 ,    1 ,
12/21/2016,   39 ,   28 ,   96 ,   48 ,    7 ,
12/22/2016,   39 ,    7 ,   95 ,   44 ,    2 ,
12/23/2016,   21 ,    7 ,   92 ,   68 ,    0 ,
12/24/2016,   24 ,   15 ,   92 ,   84 ,    0 ,
12/25/2016,   26 ,   22 ,   95 ,   79 ,    0 ,
12/26/2016,   31 ,   15 ,   92 ,   56 ,    2 ,
12/27/2016,   32 ,   16 ,   90 ,   61 ,    2 ,
12/28/2016,   38 ,   25 ,   95 ,   43 ,    2 ,
12/29/2016,   35 ,   11 ,   92 ,   53 ,    2 ,
12/30/2016,   35 ,   16 ,   99 ,   67 ,    2 ,
12/31/2016,   38 ,   12 ,   91 ,   53 ,    4 ,
01/01/2017,   32 ,    8 ,   94 ,   41 ,    1 ,
01/02/2017,   22 ,    3 ,   81 ,   40 ,    0 ,
01/03/2017,   16 ,    2 ,   82 ,   43 ,    0 ,
01/04/2017,   13 ,   -9 ,   86 ,   58 ,    0 ,
01/05/2017,   10 ,  -16 ,   84 ,   62 ,    0 ,
01/06/2017,   11 ,   -4 ,   82 ,   58 ,    0 ,
01/07/2017,   14 ,  -11 ,   86 ,   57 ,    0 ,
01/08/2017,   21 ,    5 ,   90 ,   71 ,    0 ,
01/09/2017,   31 ,   17 ,   95 ,   73 ,    0 ,
01/10/2017,   34 ,   18 ,   95 ,   68 ,    2 ,
01/11/2017,   27 ,   11 ,   95 ,   55 ,    0 ,
01/12/2017,   24 ,   10 ,   89 ,   58 ,    1 ,
01/13/2017,   24 ,   -5 ,   93 ,   58 ,    2 ,
01/14/2017,   15 ,  -10 ,   89 ,   62 ,    0 ,
01/15/2017,   13 ,   -7 ,   89 ,   63 ,    0 ,
01/16/2017,   14 ,   -8 ,   88 ,   59 ,    0 ,
01/17/2017,   17 ,    0 ,   90 ,   61 ,    0 ,
01/18/2017,   31 ,   12 ,   91 ,   56 ,    1 ,
01/19/2017,   39 ,   28 ,   99 ,   61 ,    7 ,
01/20/2017,   38 ,   32 ,  100 ,   81 ,   10 ,
01/21/2017,   39 ,   20 ,   97 ,   73 ,    0 ,
01/22/2017,   36 ,   20 ,   96 ,   72 ,    3 ,
01/23/2017,   36 ,   19 ,   98 ,   69 ,    1 ,
01/24/2017,   37 ,   17 ,   86 ,   63 ,    1 ,
01/25/2017,   32 ,   20 ,   90 ,   55 ,    1 ,
01/26/2017,   33 ,   19 ,   93 ,   67 ,    0 ,
01/27/2017,   33 ,   15 ,   89 ,   44 ,    0 ,
01/28/2017,   32 ,    9 ,   92 ,   49 ,    0 ,
01/29/2017,   35 ,   15 ,   92 ,   54 ,    0 ,
01/30/2017,   42 ,   23 ,   79 ,   47 ,    0 ,
01/31/2017,   45 ,   27 ,   96 ,   44 ,    0 ,
02/01/2017,   32 ,   11 ,   91 ,   38 ,    4 ,
02/02/2017,   25 ,    3 ,   80 ,   39 ,    2 ,
02/03/2017,   26 ,   -3 ,   89 ,   40 ,    2 ,
02/04/2017,   29 ,   14 ,   91 ,   76 ,    0 ,
02/05/2017,   46 ,   26 ,  100 ,   65 ,    6 ,
02/06/2017,   48 ,   35 ,   95 ,   49 ,    9 ,
02/07/2017,   41 ,   19 ,   93 ,   51 ,    0 ,
02/08/2017,   31 ,   24 ,   97 ,   74 ,    1 ,
02/09/2017,   45 ,   28 ,   99 ,   89 ,    6 ,
02/10/2017,   46 ,   35 ,  100 ,   63 ,   17 ,
02/11/2017,   43 ,   26 ,  100 ,   43 ,    4 ,
02/12/2017,   41 ,   15 ,   92 ,   40 ,    0 ,
02/13/2017,   36 ,   14 ,   93 ,   52 ,    0 ,
02/14/2017,   38 ,   16 ,   94 ,   51 ,    0 ,
02/15/2017,   42 ,   18 ,   94 ,   50 ,    0 ,
02/16/2017,   45 ,   33 ,   97 ,   51 ,    1 ,
02/17/2017,   51 ,   34 ,   97 ,   48 ,    4 ,
02/18/2017,   48 ,   30 ,   91 ,   47 ,    0 ,
02/19/2017,   50 ,   34 ,   91 ,   54 ,    0 ,
02/20/2017,   52 ,   29 ,   98 ,   46 ,    5 ,
02/21/2017,   41 ,   33 ,  100 ,   89 ,   14 ,
02/22/2017,   43 ,   31 ,  100 ,   62 ,    4 ,
02/23/2017,   40 ,   28 ,   98 ,   56 ,    3 ,
02/24/2017,   40 ,   25 ,   91 ,   45 ,    0 ,
02/25/2017,   37 ,   17 ,   87 ,   32 ,    0 ,
02/26/2017,   37 ,   25 ,   88 ,   30 ,    0 ,
02/27/2017,   35 ,   22 ,   97 ,   61 ,    1 ,
02/28/2017,   41 ,   20 ,   92 ,   30 ,    4 ,
03/01/2017,   41 ,   24 ,   83 ,   38 ,    0 ,
03/02/2017,   50 ,   31 ,   83 ,   31 ,    1 ,
03/03/2017,   56 ,   34 ,   78 ,   30 ,    0 ,
03/04/2017,   55 ,   36 ,   96 ,   30 ,    3 ,
03/05/2017,   49 ,   32 ,   99 ,   53 ,    4 ,
03/06/2017,   40 ,   19 ,   93 ,   45 ,    3 ,
03/07/2017,   39 ,   21 ,   96 ,   34 ,    1 ,
03/08/2017,   37 ,   30 ,   99 ,   69 ,    8 ,
03/09/2017,   39 ,   29 ,  100 ,   85 ,    5 ,
03/10/2017,   48 ,   32 ,  100 ,   70 ,   19 ,
03/11/2017,   55 ,   30 ,   98 ,   42 ,    0 ,
03/12/2017,   55 ,   35 ,   99 ,   43 ,    4 ,
03/13/2017,   52 ,   35 ,   88 ,   39 ,    0 ,
03/14/2017,   50 ,   37 ,  100 ,   50 ,   12 ,
03/15/2017,   55 ,   40 ,  100 ,   72 ,    5 ,
03/16/2017,   56 ,   37 ,  100 ,   36 ,    5 ,
03/17/2017,   51 ,   25 ,   94 ,   36 ,    0 ,
03/18/2017,   55 ,   40 ,   99 ,   36 ,    3 ,
03/19/2017,   56 ,   37 ,  100 ,   42 ,    2 ,
03/20/2017,   55 ,   28 ,   93 ,   33 ,    0 ,
03/21/2017,   53 ,   32 ,   93 ,   41 ,    0 ,
03/22/2017,   55 ,   34 ,  100 ,   53 ,    4 ,
03/23/2017,   57 ,   33 ,   94 ,   35 ,    2 ,
03/24/2017,   56 ,   26 ,   90 ,   25 ,    0 ,
03/25/2017,   59 ,   36 ,   92 ,   26 ,    3 ,
03/26/2017,   57 ,   28 ,   89 ,   33 ,    0 ,
03/27/2017,   55 ,   37 ,   98 ,   30 ,    7 ,
03/28/2017,   49 ,   29 ,   96 ,   38 ,    1 ,
03/29/2017,   52 ,   39 ,   81 ,   36 ,    1 ,
03/30/2017,   53 ,   37 ,   93 ,   45 ,    1 ,
03/31/2017,   56 ,   38 ,   97 ,   38 ,    4 ,
04/01/2017,   57 ,   30 ,   96 ,   40 ,    0 ,
04/02/2017,   59 ,   40 ,   88 ,   36 ,    0 ,
04/03/2017,   47 ,   30 ,   98 ,   40 ,    3 ,
04/04/2017,   50 ,   24 ,   99 ,   35 ,    1 ,
04/05/2017,   55 ,   32 ,   79 ,   25 ,    0 ,
04/06/2017,   65 ,   37 ,   87 ,   33 ,    0 ,
04/07/2017,   65 ,   37 ,   94 ,   31 ,    0 ,
04/08/2017,   64 ,   34 ,   98 ,   24 ,    3 ,
04/09/2017,   49 ,   32 ,   98 ,   37 ,    3 ,
04/10/2017,   50 ,   24 ,   90 ,   34 ,    0 ,
04/11/2017,   55 ,   26 ,   93 ,   27 ,    1 ,
04/12/2017,   59 ,   41 ,   88 ,   18 ,    0 ,
04/13/2017,   57 ,   42 ,   96 ,   51 ,    3 ,
04/14/2017,   49 ,   32 ,  100 ,   37 ,    4 ,
04/15/2017,   51 ,   31 ,   93 ,   33 ,    0 ,
04/16/2017,   59 ,   29 ,   90 ,   28 ,    0 ,
04/17/2017,   61 ,   42 ,   87 ,   22 ,    2 ,
04/18/2017,   58 ,   37 ,   92 ,   44 ,    1 ,
04/19/2017,   59 ,   32 ,   98 ,   38 ,    3 ,
04/20/2017,   62 ,   31 ,   89 ,   29 ,    0 ,
04/21/2017,   54 ,   35 ,   99 ,   43 ,    3 ,
04/22/2017,   62 ,   30 ,   97 ,   29 ,    0 ,
04/23/2017,   67 ,   42 ,   97 ,   22 ,    5 ,
04/24/2017,   60 ,   40 ,   95 ,   41 ,    0 ,
04/25/2017,   56 ,   37 ,   99 ,   47 ,    3 ,
04/26/2017,   54 ,   39 ,   98 ,   58 ,    5 ,
04/27/2017,   53 ,   37 ,   93 ,   37 ,    0 ,
04/28/2017,   53 ,   36 ,   83 ,   32 ,    0 ,
04/29/2017,   57 ,   33 ,   96 ,   38 ,    2 ,
04/30/2017,   57 ,   43 ,   71 ,   35 ,    0 ,
05/01/2017,   60 ,   41 ,   68 ,   32 ,    1 ,
05/02/2017,   56 ,   38 ,   98 ,   32 ,    4 ,
05/03/2017,   64 ,   30 ,   95 ,   36 ,    0 ,
05/04/2017,   76 ,   40 ,   95 ,   34 ,    0 ,
05/05/2017,   83 ,   45 ,   83 ,   26 ,    0 ,
05/06/2017,   81 ,   50 ,   89 ,   28 ,    0 ,
05/07/2017,   70 ,   44 ,   98 ,   49 ,    4 ,
05/08/2017,   61 ,   31 ,  100 ,   30 ,    7 ,
05/09/2017,   69 ,   35 ,   92 ,   27 ,    0 ,
05/10/2017,   74 ,   37 ,   91 ,   24 ,    0 ,
05/11/2017,   81 ,   41 ,   86 ,   24 ,    0 ,
05/12/2017,   83 ,   51 ,   79 ,   20 ,    0 ,
05/13/2017,   58 ,   35 ,   99 ,   40 ,    6 ,
05/14/2017,   52 ,   31 ,   98 ,   39 ,    2 ,
05/15/2017,   59 ,   31 ,   94 ,   24 ,    0 ,
05/16/2017,   59 ,   33 ,   91 ,   35 ,    1 ,
05/17/2017,   55 ,   33 ,   99 ,   56 ,   11 ,
05/18/2017,   61 ,   39 ,  100 ,   44 ,    4 ,
05/19/2017,   66 ,   35 ,   99 ,   34 ,    1 ,
05/20/2017,   67 ,   42 ,   97 ,   44 ,    1 ,
05/21/2017,   72 ,   38 ,  100 ,   26 ,    2 ,
05/22/2017,   78 ,   42 ,   90 ,   26 ,    0 ,
05/23/2017,   80 ,   42 ,   86 ,   27 ,    0 ,
05/24/2017,   85 ,   57 ,   66 ,   20 ,    0 ,
05/25/2017,   64 ,   44 ,   70 ,   21 ,    0 ,
05/26/2017,   72 ,   42 ,   75 ,   28 ,    0 ,
05/27/2017,   75 ,   42 ,   96 ,   29 ,    1 ,
05/28/2017,   79 ,   42 ,   91 ,   27 ,    0 ,
05/29/2017,   83 ,   48 ,   80 ,   22 ,    0 ,
05/30/2017,   86 ,   47 ,   84 ,   21 ,    0 ,
05/31/2017,   89 ,   50 ,   79 ,   17 ,    0 ,
06/01/2017,   89 ,   53 ,   98 ,   21 ,    6 ,
06/02/2017,   73 ,   46 ,   95 ,   33 ,    1 ,
06/03/2017,   80 ,   43 ,   94 ,   26 ,    0 ,
06/04/2017,   85 ,   51 ,   86 ,   24 ,    0 ,
06/05/2017,   83 ,   49 ,   99 ,   35 ,    9 ,
06/06/2017,   76 ,   43 ,   93 ,   30 ,    0 ,
06/07/2017,   85 ,   49 ,   96 ,   32 ,    0 ,
06/08/2017,   91 ,   55 ,   83 ,   27 ,    0 ,
06/09/2017,   78 ,   49 ,   89 ,   46 ,    4 ,
06/10/2017,   62 ,   45 ,   90 ,   51 ,    3 ,
06/11/2017,   66 ,   32 ,   97 ,   27 ,    1 ,
06/12/2017,   78 ,   43 ,   77 ,   20 ,    0 ,
06/13/2017,   77 ,   48 ,   98 ,   30 ,   18 ,
06/14/2017,   64 ,   41 ,   99 ,   44 ,    1 ,
06/15/2017,   74 ,   48 ,   82 ,   24 ,    0 ,
06/16/2017,   64 ,   52 ,   97 ,   54 ,    5 ,
06/17/2017,   66 ,   48 ,   99 ,   34 ,    2 ,
06/18/2017,   71 ,   52 ,   86 ,   30 ,    0 ,
06/19/2017,   82 ,   47 ,   98 ,   32 ,    0 ,
06/20/2017,   84 ,   56 ,  100 ,   33 ,    2 ,
06/21/2017,   87 ,   56 ,   74 ,   22 ,    0 ,
06/22/2017,   80 ,   45 ,   71 ,   17 ,    0 ,
06/23/2017,   74 ,   40 ,   87 ,   24 ,    0 ,
06/24/2017,   80 ,   46 ,   80 ,   21 ,    0 ,
06/25/2017,   84 ,   47 ,   80 ,   20 ,    0 ,
06/26/2017,   90 ,   52 ,   82 ,   16 ,    0 ,
06/27/2017,   92 ,   59 ,   92 ,   23 ,    0 ,
06/28/2017,   85 ,   50 ,   76 ,   11 ,    0 ,
06/29/2017,   82 ,   54 ,   74 ,   18 ,    0 ,
06/30/2017,   82 ,   45 ,   92 ,   23 ,    0 ,
07/01/2017,   87 ,   50 ,   84 ,   24 ,    0 ,
07/02/2017,   90 ,   54 ,   73 ,   21 ,    0 ,
07/03/2017,   92 ,   55 ,   74 ,   20 ,    0 ,
07/04/2017,   93 ,   49 ,   71 ,   14 ,    0 ,
07/05/2017,   95 ,   53 ,   70 ,   15 ,    0 ,
07/06/2017,   99 ,   57 ,   69 ,   16 ,    0 ,
07/07/2017,   99 ,   61 ,   65 ,   17 ,    0 ,
07/08/2017,  102 ,   60 ,   68 ,   11 ,    0 ,
07/09/2017,  102 ,   58 ,   63 ,   12 ,    0 ,
07/10/2017,   98 ,   59 ,   70 ,   12 ,    0 ,
07/11/2017,   90 ,   57 ,   62 ,   19 ,    0 ,
07/12/2017,   87 ,   49 ,   78 ,   18 ,    0 ,
07/13/2017,   94 ,   50 ,   58 ,   11 ,    0 ,
07/14/2017,  100 ,   57 ,   66 ,   13 ,    0 ,
07/15/2017,  102 ,   60 ,   69 ,   13 ,    0 ,
07/16/2017,   95 ,   58 ,   93 ,   20 ,    2 ,
07/17/2017,   88 ,   46 ,   62 ,   13 ,    0 ,
07/18/2017,   86 ,   46 ,   60 ,   13 ,    0 ,
07/19/2017,   91 ,   57 ,   59 ,   14 ,    0 ,
07/20/2017,   93 ,   54 ,   59 ,   14 ,    0 ,
07/21/2017,   90 ,   51 ,   53 ,   13 ,    0 ,
07/22/2017,   89 ,   47 ,   59 ,   12 ,    0 ,
07/23/2017,   92 ,   54 ,   69 ,   17 ,    0 ,
07/24/2017,   96 ,   60 ,   62 ,   19 ,    0 ,
07/25/2017,   95 ,   52 ,   48 ,    7 ,    0 ,
07/26/2017,   93 ,   52 ,   56 ,   11 ,    0 ,
07/27/2017,   94 ,   61 ,   79 ,   14 ,    0 ,
07/28/2017,   93 ,   56 ,   86 ,   20 ,    1 ,
07/29/2017,   93 ,   55 ,   78 ,   21 ,    2 ,
07/30/2017,   98 ,   56 ,   57 ,   10 ,    0 ,
07/31/2017,   99 ,   54 ,   60 ,    8 ,    0 ,
08/01/2017,   96 ,   52 ,   54 ,   12 ,    0 ,
08/02/2017,   96 ,   64 ,   52 ,    9 ,    0 ,
08/03/2017,   89 ,   59 ,   65 ,   22 ,    0 ,
08/04/2017,   93 ,   54 ,   66 ,   14 ,    0 ,
08/05/2017,   95 ,   58 ,   63 ,   15 ,    0 ,
08/06/2017,   85 ,   55 ,   67 ,   21 ,    0 ,
08/07/2017,   91 ,   51 ,   63 ,   12 ,    0 ,
08/08/2017,   92 ,   52 ,   50 ,    7 ,    0 ,
08/09/2017,   91 ,   61 ,   62 ,   15 ,    0 ,
08/10/2017,   90 ,   53 ,   64 ,   18 ,    0 ,
08/11/2017,   92 ,   53 ,   63 ,   17 ,    0 ,
08/12/2017,   90 ,   55 ,   64 ,   18 ,    0 ,
08/13/2017,   92 ,   59 ,   63 ,   14 ,    0 ,
08/14/2017,   73 ,   49 ,   91 ,   35 ,    1 ,
08/15/2017,   83 ,   45 ,   70 ,   18 ,    0 ,
08/16/2017,   84 ,   45 ,   62 ,   17 ,    0 ,
08/17/2017,   88 ,   50 ,   63 ,   15 ,    0 ,
08/18/2017,   87 ,   47 ,   71 ,   19 ,    0 ,
08/19/2017,   91 ,   57 ,   44 ,   14 ,    0 ,
08/20/2017,   83 ,   45 ,   75 ,   19 ,    0 ,
08/21/2017,   82 ,   47 ,   71 ,   18 ,    0 ,
08/22/2017,   85 ,   48 ,   68 ,   19 ,    0 ,
08/23/2017,   90 ,   51 ,   61 ,   16 ,    0 ,
08/24/2017,   87 ,   58 ,   83 ,   22 ,    1 ,
08/25/2017,   80 ,   48 ,   93 ,   30 ,    2 ,
08/26/2017,   85 ,   45 ,   62 ,   14 ,    0 ,
08/27/2017,   89 ,   47 ,   59 ,   12 ,    0 ,
08/28/2017,   92 ,   49 ,   55 ,   12 ,    0 ,
08/29/2017,   92 ,   60 ,   59 ,   12 ,    0 ,
08/30/2017,   93 ,   55 ,   59 ,   16 ,    0 ,
08/31/2017,   86 ,   54 ,   71 ,   25 ,    0 ,
09/01/2017,   89 ,   50 ,   64 ,   13 ,    0 ,
09/02/2017,   87 ,   51 ,   68 ,   19 ,    0 ,
09/03/2017,   95 ,   53 ,   55 ,    9 ,    0 ,
09/04/2017,   94 ,   61 ,   42 ,   14 ,    0 ,
09/05/2017,   79 ,   46 ,   73 ,   26 ,    0 ,
09/06/2017,   84 ,   49 ,   75 ,   23 ,    0 ,
09/07/2017,   82 ,   48 ,   77 ,   27 ,    0 ,
09/08/2017,   82 ,   52 ,   68 ,   26 ,    0 ,
09/09/2017,   82 ,   54 ,   75 ,   29 ,    0 ,
09/10/2017,   86 ,   56 ,   56 ,   26 ,    0 ,
09/11/2017,   83 ,   48 ,   82 ,   26 ,    0 ,
09/12/2017,   88 ,   47 ,   64 ,   16 ,    0 ,
09/13/2017,   88 ,   52 ,   60 ,   15 ,    0 ,
09/14/2017,   84 ,   54 ,   92 ,   18 ,    1 ,
09/15/2017,   54 ,   42 ,   99 ,   58 ,   21 ,
09/16/2017,   56 ,   37 ,  100 ,   50 ,   10 ,
09/17/2017,   62 ,   34 ,   98 ,   40 ,    0 ,
09/18/2017,   67 ,   47 ,   80 ,   30 ,    0 ,
09/19/2017,   51 ,   38 ,  100 ,   63 ,    7 ,
09/20/2017,   55 ,   38 ,  100 ,   46 ,   10 ,
09/21/2017,   51 ,   36 ,   98 ,   72 ,    5 ,
09/22/2017,   52 ,   35 ,   95 ,   51 ,    5 ,
09/23/2017,   52 ,   30 ,   99 ,   55 ,    1 ,
09/24/2017,   59 ,   31 ,   99 ,   46 ,    0 ,
09/25/2017,   63 ,   44 ,   89 ,   35 ,    0 ,
09/26/2017,   67 ,   45 ,   95 ,   45 ,    0 ,
09/27/2017,   67 ,   37 ,   99 ,   44 ,    0 ,
09/28/2017,   72 ,   38 ,   99 ,   31 ,    0 ,
09/29/2017,   74 ,   38 ,   96 ,   31 ,    0 ,
09/30/2017,   74 ,   46 ,   99 ,   29 ,    3 ,
10/01/2017,   58 ,   35 ,   95 ,   47 ,    1 ,
10/02/2017,   46 ,   38 ,  100 ,   77 ,    3 ,
10/03/2017,   49 ,   33 ,   99 ,   46 ,    8 ,
10/04/2017,   53 ,   27 ,   97 ,   43 ,    0 ,
10/05/2017,   54 ,   37 ,   99 ,   49 ,    3 ,
10/06/2017,   58 ,   32 ,  100 ,   49 ,    0 ,
10/07/2017,   66 ,   48 ,   87 ,   20 ,    3 ,
10/08/2017,   53 ,   36 ,   99 ,   44 ,    5 ,
10/09/2017,   49 ,   28 ,   98 ,   55 ,    1 ,
10/10/2017,   56 ,   28 ,   97 ,   36 ,    0 ,
10/11/2017,   63 ,   35 ,   85 ,   25 ,    0 ,
10/12/2017,   48 ,   28 ,   95 ,   42 ,    0 ,
10/13/2017,   48 ,   32 ,   92 ,   38 ,    1 ,
10/14/2017,   47 ,   30 ,   93 ,   42 ,    1 ,
10/15/2017,   59 ,   36 ,   80 ,   30 ,    0 ,
10/16/2017,   62 ,   29 ,   97 ,   30 ,    0 ,
10/17/2017,   72 ,   32 ,   87 ,   17 ,    0 ,
10/18/2017,   72 ,   41 ,   76 ,   17 ,    0 ,
10/19/2017,   60 ,   35 ,   88 ,   45 ,    0 ,
10/20/2017,   73 ,   38 ,   82 ,   12 ,    0 ,
10/21/2017,   47 ,   32 ,   93 ,   45 ,    2 ,
10/22/2017,   53 ,   41 ,   99 ,   44 ,    9 ,
10/23/2017,   54 ,   34 ,   99 ,   47 ,   11 ,
10/24/2017,   57 ,   29 ,   98 ,   41 ,    0 ,
10/25/2017,   57 ,   29 ,   98 ,   44 ,    0 ,
10/26/2017,   62 ,   35 ,   95 ,   36 ,    7 ,
10/27/2017,   52 ,   27 ,   97 ,   41 ,    0 ,
10/28/2017,   53 ,   29 ,   98 ,   49 ,    0 ,
10/29/2017,   55 ,   33 ,   99 ,   50 ,    0 ,
10/30/2017,   46 ,   26 ,   74 ,   31 ,    0 ,
10/31/2017,   48 ,   21 ,   88 ,   29 ,    0 ,
11/01/2017,   50 ,   35 ,   99 ,   33 ,    9 ,
11/02/2017,   39 ,   29 ,   97 ,   74 ,    3 ,
11/03/2017,   35 ,   30 ,   95 ,   74 ,    1 ,
11/04/2017,   33 ,   22 ,   97 ,   86 ,    5 ,
11/05/2017,   35 ,   25 ,   97 ,   81 ,    4 ,
11/06/2017,   36 ,   24 ,   99 ,   67 ,    5 ,
11/07/2017,   34 ,   22 ,   92 ,   60 ,    0 ,
11/08/2017,   36 ,   23 ,   90 ,   58 ,    0 ,
11/09/2017,   36 ,   29 ,   92 ,   68 ,    1 ,
11/10/2017,   39 ,   31 ,   99 ,   79 ,    2 ,
11/11/2017,   42 ,   32 ,  100 ,   89 ,    4 ,
11/12/2017,   43 ,   29 ,  100 ,   74 ,    0 ,
11/13/2017,   41 ,   23 ,   99 ,   69 ,    0 ,
11/14/2017,   49 ,   33 ,  100 ,   52 ,    7 ,
11/15/2017,   42 ,   23 ,   97 ,   57 ,    0 ,
11/16/2017,   47 ,   27 ,   94 ,   51 ,    2 ,
11/17/2017,   43 ,   30 ,   99 ,   51 ,    3 ,
11/18/2017,   43 ,   30 ,   91 ,   43 ,    0 ,
11/19/2017,   45 ,   23 ,   92 ,   39 ,    0 ,
11/20/2017,   40 ,   29 ,   99 ,   56 ,    6 ,
11/21/2017,   40 ,   29 ,  100 ,   96 ,    4 ,
11/22/2017,   45 ,   35 ,  100 ,   97 ,    9 ,
11/23/2017,   57 ,   37 ,  100 ,   73 ,    4 ,
11/24/2017,   61 ,   32 ,   99 ,   51 ,   11 ,
11/25/2017,   43 ,   25 ,   97 ,   54 ,    0 ,
11/26/2017,   40 ,   29 ,   96 ,   66 ,    0 ,
11/27/2017,   58 ,   37 ,   88 ,   43 ,    3 ,
11/28/2017,   42 ,   25 ,   88 ,   44 ,    0 ,
11/29/2017,   42 ,   32 ,   77 ,   41 ,    0 ,
11/30/2017,   39 ,   21 ,   92 ,   50 ,    0 ,
12/01/2017,   38 ,   26 ,   86 ,   62 ,    0 ,
12/02/2017,   40 ,   27 ,   95 ,   62 ,    0 ,
12/03/2017,   36 ,   31 ,  100 ,   77 ,    0 ,
12/04/2017,   37 ,   28 ,   97 ,   47 ,    4 ,
12/05/2017,   33 ,   28 ,   78 ,   47 ,    0 ,
12/06/2017,   33 ,   18 ,   88 ,   54 ,    1 ,
12/07/2017,   33 ,   13 ,   92 ,   51 ,    0 ,
12/08/2017,   31 ,   15 ,   93 ,   67 ,    0 ,
12/09/2017,   23 ,   18 ,   95 ,   89 ,    0 ,
12/10/2017,   21 ,   16 ,   93 ,   87 ,    0 ,
12/11/2017,   20 ,   12 ,   91 ,   85 ,    0 ,
12/12/2017,   21 ,   11 ,   91 ,   86 ,    0 ,
12/13/2017,   28 ,   18 ,   94 ,   89 ,    0 ,
12/14/2017,   34 ,   25 ,   97 ,   76 ,    0 ,
12/15/2017,   35 ,   21 ,   97 ,   76 ,    0 ,
12/16/2017,   33 ,   27 ,   99 ,   89 ,    0 ,
12/17/2017,   35 ,   14 ,   93 ,   77 ,    3 ,
12/18/2017,   45 ,   24 ,   98 ,   54 ,    3 ,
12/19/2017,   45 ,   33 ,  100 ,   56 ,   10 ,
12/20/2017,   39 ,   30 ,  100 ,   78 ,    5 ,
12/21/2017,   30 ,   24 ,   94 ,   73 ,    0 ,
12/22/2017,   32 ,   24 ,   96 ,   61 ,    2 ,
12/23/2017,   25 ,    9 ,   90 ,   62 ,    1 ,
12/24/2017,   19 ,   -5 ,   85 ,   62 ,    0 ,
12/25/2017,   15 ,    2 ,   85 ,   67 ,    0 ,
12/26/2017,   16 ,    6 ,   87 ,   72 ,    0 ,
12/27/2017,   19 ,    8 ,   88 ,   74 ,    0 ,
12/28/2017,   26 ,   18 ,   93 ,   80 ,    0 ,
12/29/2017,   34 ,   26 ,  100 ,   83 ,    0 ,
12/30/2017,   34 ,   14 ,   99 ,   75 ,    2 ,
12/31/2017,   32 ,   18 ,   97 ,   76 ,    4 ,
